date,title,url
Unknown,Home,https://answersq.com/
Unknown,Free Courses,https://answersq.com/free-certificate-courses/
Unknown,All Subjects,https://answersq.com/subjects/
Unknown,Special Offers,https://answersq.com/special-offers/
Unknown,Support us,https://ko-fi.com/answersq
Unknown,Home,https://answersq.com/
Unknown,Free Courses,https://answersq.com/free-certificate-courses/
Unknown,All Subjects,https://answersq.com/subjects/
Unknown,Special Offers,https://answersq.com/special-offers/
Unknown,Support us,https://ko-fi.com/answersq
Unknown,,https://answersq.com/mindvalley-uncompromised-life-review/
Unknown,,https://answersq.com/google-ai-agents-intensive-course/
Unknown,,https://answersq.com/mindvalley-duality-review/
Unknown,,https://answersq.com/free-ai-courses/
Unknown,,https://answersq.com/science-of-well-being-review/
Unknown,,https://answersq.com/agentic-ai-courses/
Unknown,About Us,https://answersq.com/about-us
Unknown,Privacy Policy,https://answersq.com/privacy-policy/
Unknown,Terms & Conditions,https://answersq.com/terms-and-conditions
Unknown,Disclaimer,https://answersq.com/disclaimer/
Unknown,Contact Us,https://answersq.com/contact/
Unknown,IIT,https://nptel.ac.in/noc/noc_course.html
Unknown,Harvard University,https://online-learning.harvard.edu/catalog/free
Unknown,Stanford University,https://online.stanford.edu/search-catalog?free_or_paid%5Bfree%5D=free&type=All
Unknown,MIT,https://ocw.mit.edu/
Unknown,University of Oxford,https://www.ox.ac.uk/admissions/continuing-education/online-and-distance-courses
Unknown,edX,http://edx.sjv.io/oq0NRn
Unknown,Coursera,https://bit.ly/3uhlkXf
Unknown,LinkedIn Learning,https://www.linkedin.com/learning/
Unknown,Udacity,https://imp.i115008.net/x9QP9x
Unknown,Edureka,https://click.linksynergy.com/deeplink?id=p0eVWIjw1xU&mid=42536&murl=https%3A%2F%2Fwww.edureka.co%2Fall-courses&LSNSUBSITE=LSNSUBSITE
Unknown,Udemy,https://click.linksynergy.com/deeplink?id=p0eVWIjw1xU&mid=47901&murl=https%3A%2F%2Fwww.udemy.com%2F
Unknown,Telegram,https://t.me/answersq
Unknown,Facebook,https://www.facebook.com/answersQ.fb/
Unknown,Instagram,https://www.instagram.com/answersq_official/
Unknown,WhatsApp,https://whatsapp.com/channel/0029VaApaU90G0XpgmNTaf1S
Unknown,Twitter,https://twitter.com/answersQ_
Unknown,Linkedin,https://www.linkedin.com/company/answersq
